filename,gt_area_px,pred_area_px,abs_area_diff_px,relative_area_diff,dice,iou
train_Subject_14_0.png,0,0,0,n/a (empty GT),1.0,1.0
train_Subject_14_1.png,0,0,0,n/a (empty GT),1.0,1.0
train_Subject_14_10.png,0,14,14,inf,0.0,0.0
train_Subject_14_100.png,0,0,0,n/a (empty GT),1.0,1.0
train_Subject_14_101.png,0,0,0,n/a (empty GT),1.0,1.0
train_Subject_14_174.png,3,0,3,1.0,0.0,0.0
train_Subject_14_175.png,13,0,13,1.0,0.0,0.0
train_Subject_14_176.png,18,0,18,1.0,0.0,0.0
train_Subject_14_177.png,19,0,19,1.0,0.0,0.0
train_Subject_14_178.png,21,0,21,1.0,0.0,0.0
train_Subject_14_179.png,20,3,17,0.85,0.2609,0.15
train_Subject_14_180.png,23,8,15,0.6521739130434783,0.4516,0.2917
train_Subject_14_181.png,30,14,16,0.5333333333333333,0.6364,0.4667
train_Subject_14_182.png,35,14,21,0.6,0.5714,0.4
train_Subject_14_183.png,43,11,32,0.7441860465116279,0.4074,0.2558
train_Subject_14_184.png,29,9,20,0.6896551724137931,0.4737,0.3103
train_Subject_14_185.png,24,3,21,0.875,0.2222,0.125
train_Subject_14_186.png,14,0,14,1.0,0.0,0.0
train_Subject_14_187.png,12,0,12,1.0,0.0,0.0
train_Subject_14_188.png,10,0,10,1.0,0.0,0.0
train_Subject_14_189.png,7,0,7,1.0,0.0,0.0
train_Subject_14_190.png,6,0,6,1.0,0.0,0.0
train_Subject_15_0.png,0,29,29,inf,0.0,0.0
train_Subject_15_1.png,0,55,55,inf,0.0,0.0
train_Subject_15_10.png,0,48,48,inf,0.0,0.0
train_Subject_15_100.png,0,78,78,inf,0.0,0.0
train_Subject_15_101.png,0,117,117,inf,0.0,0.0
train_Subject_15_76.png,2,21,19,9.5,0.0,0.0
train_Subject_15_77.png,4,20,16,4.0,0.0,0.0
train_Subject_15_78.png,7,17,10,1.4285714285714286,0.0,0.0
train_Subject_15_79.png,10,19,9,0.9,0.0,0.0
train_Subject_15_80.png,15,86,71,4.733333333333333,0.0,0.0
train_Subject_15_81.png,17,84,67,3.9411764705882355,0.0,0.0
train_Subject_15_82.png,23,70,47,2.0434782608695654,0.1505,0.0814
train_Subject_15_83.png,29,91,62,2.1379310344827585,0.2333,0.1321
train_Subject_15_84.png,30,57,27,0.9,0.3218,0.1918
train_Subject_15_85.png,33,53,20,0.6060606060606061,0.4419,0.2836
train_Subject_15_86.png,39,75,36,0.9230769230769231,0.3509,0.2128
train_Subject_15_87.png,31,41,10,0.3225806451612903,0.3889,0.2414
train_Subject_15_88.png,17,41,24,1.411764705882353,0.1724,0.0943
train_Subject_15_89.png,2,13,11,5.5,0.0,0.0
train_Subject_15_90.png,2,34,32,16.0,0.0,0.0
train_Subject_17_0.png,0,0,0,n/a (empty GT),1.0,1.0
train_Subject_17_1.png,0,0,0,n/a (empty GT),1.0,1.0
train_Subject_17_10.png,0,0,0,n/a (empty GT),1.0,1.0
train_Subject_17_100.png,0,10,10,inf,0.0,0.0
train_Subject_17_101.png,0,12,12,inf,0.0,0.0
train_Subject_17_280.png,2,73,71,35.5,0.0,0.0
train_Subject_17_281.png,15,68,53,3.533333333333333,0.1687,0.0921
train_Subject_17_282.png,37,46,9,0.24324324324324326,0.4096,0.2576
train_Subject_17_283.png,38,71,33,0.868421052631579,0.4771,0.3133
train_Subject_17_284.png,45,84,39,0.8666666666666667,0.5426,0.3723
train_Subject_17_285.png,41,88,47,1.146341463414634,0.4806,0.3163
train_Subject_17_286.png,48,93,45,0.9375,0.5106,0.3429
train_Subject_17_287.png,53,93,40,0.7547169811320755,0.5616,0.3905
train_Subject_17_288.png,49,84,35,0.7142857142857143,0.5263,0.3571
train_Subject_17_289.png,53,89,36,0.6792452830188679,0.493,0.3271
train_Subject_17_290.png,47,84,37,0.7872340425531915,0.458,0.297
train_Subject_17_291.png,47,111,64,1.3617021276595744,0.481,0.3167
train_Subject_17_292.png,54,136,82,1.5185185185185186,0.4632,0.3014
train_Subject_17_293.png,50,126,76,1.52,0.4773,0.3134
train_Subject_17_294.png,55,126,71,1.290909090909091,0.5083,0.3407
train_Subject_17_295.png,61,137,76,1.2459016393442623,0.5253,0.3562
train_Subject_17_296.png,71,153,82,1.1549295774647887,0.5804,0.4088
train_Subject_17_297.png,64,139,75,1.171875,0.5616,0.3904
train_Subject_17_298.png,83,128,45,0.5421686746987951,0.6635,0.4965
train_Subject_17_299.png,105,92,13,0.12380952380952381,0.7005,0.5391
train_Subject_17_300.png,98,80,18,0.1836734693877551,0.7416,0.5893
train_Subject_17_301.png,86,105,19,0.22093023255813954,0.6283,0.458
train_Subject_17_302.png,88,82,6,0.06818181818181818,0.6824,0.5179
train_Subject_17_303.png,89,55,34,0.38202247191011235,0.6667,0.5
train_Subject_17_304.png,74,47,27,0.36486486486486486,0.7273,0.5714
train_Subject_17_305.png,88,39,49,0.5568181818181818,0.6142,0.4432
train_Subject_17_306.png,59,37,22,0.3728813559322034,0.75,0.6
train_Subject_17_307.png,62,44,18,0.2903225806451613,0.6604,0.493
train_Subject_17_308.png,55,48,7,0.12727272727272726,0.6602,0.4928
train_Subject_17_309.png,51,43,8,0.1568627450980392,0.617,0.4462
train_Subject_17_310.png,56,53,3,0.05357142857142857,0.5138,0.3457
train_Subject_17_311.png,43,40,3,0.06976744186046512,0.3373,0.2029
train_Subject_17_312.png,39,26,13,0.3333333333333333,0.1538,0.0833
train_Subject_17_313.png,33,15,18,0.5454545454545454,0.0,0.0
train_Subject_17_314.png,23,15,8,0.34782608695652173,0.0,0.0
train_Subject_17_315.png,8,15,7,0.875,0.0,0.0
train_Subject_17_316.png,6,18,12,2.0,0.0,0.0
train_Subject_17_317.png,9,29,20,2.2222222222222223,0.0,0.0
train_Subject_17_318.png,4,73,69,17.25,0.0,0.0
train_Subject_17_319.png,4,65,61,15.25,0.0,0.0
train_Subject_17_320.png,4,25,21,5.25,0.0,0.0
train_Subject_17_321.png,3,37,34,11.333333333333334,0.0,0.0
train_Subject_17_322.png,3,31,28,9.333333333333334,0.0,0.0
train_Subject_17_323.png,2,35,33,16.5,0.0,0.0
train_Subject_17_324.png,1,12,11,11.0,0.0,0.0
train_Subject_17_325.png,0,36,36,inf,0.0,0.0
train_Subject_1_0.png,0,0,0,n/a (empty GT),1.0,1.0
train_Subject_1_1.png,0,0,0,n/a (empty GT),1.0,1.0
train_Subject_1_10.png,0,0,0,n/a (empty GT),1.0,1.0
train_Subject_1_100.png,0,0,0,n/a (empty GT),1.0,1.0
train_Subject_1_101.png,0,0,0,n/a (empty GT),1.0,1.0
train_Subject_1_491.png,26,0,26,1.0,0.0,0.0
train_Subject_1_492.png,30,0,30,1.0,0.0,0.0
train_Subject_1_493.png,32,0,32,1.0,0.0,0.0
train_Subject_1_494.png,34,0,34,1.0,0.0,0.0
train_Subject_1_495.png,40,0,40,1.0,0.0,0.0
train_Subject_1_496.png,40,0,40,1.0,0.0,0.0
train_Subject_1_497.png,49,0,49,1.0,0.0,0.0
train_Subject_1_498.png,49,0,49,1.0,0.0,0.0
train_Subject_1_499.png,42,0,42,1.0,0.0,0.0
train_Subject_1_500.png,44,0,44,1.0,0.0,0.0
train_Subject_1_501.png,41,0,41,1.0,0.0,0.0
train_Subject_1_502.png,40,0,40,1.0,0.0,0.0
train_Subject_1_503.png,43,0,43,1.0,0.0,0.0
train_Subject_1_504.png,39,0,39,1.0,0.0,0.0
train_Subject_1_505.png,34,0,34,1.0,0.0,0.0
train_Subject_1_506.png,30,0,30,1.0,0.0,0.0
train_Subject_1_507.png,27,0,27,1.0,0.0,0.0
train_Subject_1_508.png,15,0,15,1.0,0.0,0.0
train_Subject_1_509.png,13,0,13,1.0,0.0,0.0
train_Subject_1_510.png,7,0,7,1.0,0.0,0.0
train_Subject_1_511.png,3,0,3,1.0,0.0,0.0
train_Subject_40_0.png,0,24,24,inf,0.0,0.0
train_Subject_40_1.png,0,30,30,inf,0.0,0.0
train_Subject_40_10.png,0,155,155,inf,0.0,0.0
train_Subject_40_100.png,0,115,115,inf,0.0,0.0
train_Subject_40_101.png,0,61,61,inf,0.0,0.0
train_Subject_40_114.png,72,164,92,1.2777777777777777,0.0,0.0
train_Subject_40_115.png,98,118,20,0.20408163265306123,0.0,0.0
train_Subject_40_116.png,112,82,30,0.26785714285714285,0.0,0.0
train_Subject_40_117.png,139,90,49,0.35251798561151076,0.1135,0.0602
train_Subject_40_118.png,146,133,13,0.08904109589041095,0.1147,0.0608
train_Subject_40_119.png,146,114,32,0.2191780821917808,0.1769,0.097
train_Subject_40_120.png,147,119,28,0.19047619047619047,0.1955,0.1083
train_Subject_40_121.png,136,147,11,0.08088235294117647,0.318,0.1891
train_Subject_40_122.png,145,136,9,0.06206896551724138,0.484,0.3192
train_Subject_40_123.png,152,163,11,0.07236842105263158,0.419,0.2651
train_Subject_40_124.png,171,216,45,0.2631578947368421,0.3721,0.2286
train_Subject_40_125.png,154,218,64,0.4155844155844156,0.4946,0.3286
train_Subject_40_126.png,128,242,114,0.890625,0.5081,0.3406
train_Subject_40_127.png,115,215,100,0.8695652173913043,0.5394,0.3693
train_Subject_40_128.png,150,229,79,0.5266666666666666,0.4697,0.3069
train_Subject_40_129.png,169,213,44,0.2603550295857988,0.4607,0.2993
