filename,subject_id,dice,iou,precision,recall,tp,fp,fn,gt_area_px,pred_area_px,hd95,assd,categories
train_Subject_14_0.png,14,1.0,1.0,1.0,1.0,0,0,0,0,0,,,correct_empty
train_Subject_14_1.png,14,1.0,1.0,1.0,1.0,0,0,0,0,0,,,correct_empty
train_Subject_14_10.png,14,1.0,1.0,1.0,1.0,0,0,0,0,0,,,correct_empty
train_Subject_14_100.png,14,1.0,1.0,1.0,1.0,0,0,0,0,0,,,correct_empty
train_Subject_14_101.png,14,1.0,1.0,1.0,1.0,0,0,0,0,0,,,correct_empty
train_Subject_14_174.png,14,0.0,0.0,1.0,0.0,0,0,3,3,0,,,missed_positive;low_dice;low_iou
train_Subject_14_175.png,14,0.0,0.0,1.0,0.0,0,0,13,13,0,,,missed_positive;low_dice;low_iou
train_Subject_14_176.png,14,0.0,0.0,1.0,0.0,0,0,18,18,0,,,missed_positive;low_dice;low_iou
train_Subject_14_177.png,14,0.0,0.0,1.0,0.0,0,0,19,19,0,,,missed_positive;low_dice;low_iou
train_Subject_14_178.png,14,0.0,0.0,1.0,0.0,0,0,21,21,0,,,missed_positive;low_dice;low_iou
train_Subject_14_179.png,14,0.0,0.0,1.0,0.0,0,0,20,20,0,,,missed_positive;low_dice;low_iou
train_Subject_14_180.png,14,0.0,0.0,1.0,0.0,0,0,23,23,0,,,missed_positive;low_dice;low_iou
train_Subject_14_181.png,14,0.0,0.0,1.0,0.0,0,0,30,30,0,,,missed_positive;low_dice;low_iou
train_Subject_14_182.png,14,0.0,0.0,1.0,0.0,0,0,35,35,0,,,missed_positive;low_dice;low_iou
train_Subject_14_183.png,14,0.0,0.0,1.0,0.0,0,0,43,43,0,,,missed_positive;low_dice;low_iou
train_Subject_14_184.png,14,0.0,0.0,1.0,0.0,0,0,29,29,0,,,missed_positive;low_dice;low_iou
train_Subject_14_185.png,14,0.0,0.0,1.0,0.0,0,0,24,24,0,,,missed_positive;low_dice;low_iou
train_Subject_14_186.png,14,0.0,0.0,1.0,0.0,0,0,14,14,0,,,missed_positive;low_dice;low_iou
train_Subject_14_187.png,14,0.0,0.0,1.0,0.0,0,0,12,12,0,,,missed_positive;low_dice;low_iou
train_Subject_14_188.png,14,0.0,0.0,1.0,0.0,0,0,10,10,0,,,missed_positive;low_dice;low_iou
train_Subject_14_189.png,14,0.0,0.0,1.0,0.0,0,0,7,7,0,,,missed_positive;low_dice;low_iou
train_Subject_14_190.png,14,0.0,0.0,1.0,0.0,0,0,6,6,0,,,missed_positive;low_dice;low_iou
train_Subject_15_0.png,15,1.0,1.0,1.0,1.0,0,0,0,0,0,,,correct_empty
train_Subject_15_1.png,15,1.0,1.0,1.0,1.0,0,0,0,0,0,,,correct_empty
train_Subject_15_10.png,15,1.0,1.0,1.0,1.0,0,0,0,0,0,,,correct_empty
train_Subject_15_100.png,15,1.0,1.0,1.0,1.0,0,0,0,0,0,,,correct_empty
train_Subject_15_101.png,15,1.0,1.0,1.0,1.0,0,0,0,0,0,,,correct_empty
train_Subject_15_76.png,15,0.0,0.0,1.0,0.0,0,0,2,2,0,,,missed_positive;low_dice;low_iou
train_Subject_15_77.png,15,0.0,0.0,1.0,0.0,0,0,4,4,0,,,missed_positive;low_dice;low_iou
train_Subject_15_78.png,15,0.0,0.0,1.0,0.0,0,0,7,7,0,,,missed_positive;low_dice;low_iou
train_Subject_15_79.png,15,0.0,0.0,1.0,0.0,0,0,10,10,0,,,missed_positive;low_dice;low_iou
train_Subject_15_80.png,15,0.0,0.0,1.0,0.0,0,0,15,15,0,,,missed_positive;low_dice;low_iou
train_Subject_15_81.png,15,0.0,0.0,1.0,0.0,0,0,17,17,0,,,missed_positive;low_dice;low_iou
train_Subject_15_82.png,15,0.0,0.0,1.0,0.0,0,0,23,23,0,,,missed_positive;low_dice;low_iou
train_Subject_15_83.png,15,0.0,0.0,1.0,0.0,0,0,29,29,0,,,missed_positive;low_dice;low_iou
train_Subject_15_84.png,15,0.0,0.0,1.0,0.0,0,0,30,30,0,,,missed_positive;low_dice;low_iou
train_Subject_15_85.png,15,0.0,0.0,1.0,0.0,0,0,33,33,0,,,missed_positive;low_dice;low_iou
train_Subject_15_86.png,15,0.0,0.0,0.0,0.0,0,1,39,39,1,49.62607259930054,46.440064467364444,low_dice;low_iou
train_Subject_15_87.png,15,0.0,0.0,1.0,0.0,0,0,31,31,0,,,missed_positive;low_dice;low_iou
train_Subject_15_88.png,15,0.0,0.0,1.0,0.0,0,0,17,17,0,,,missed_positive;low_dice;low_iou
train_Subject_15_89.png,15,0.0,0.0,1.0,0.0,0,0,2,2,0,,,missed_positive;low_dice;low_iou
train_Subject_15_90.png,15,0.0,0.0,1.0,0.0,0,0,2,2,0,,,missed_positive;low_dice;low_iou
train_Subject_17_0.png,17,1.0,1.0,1.0,1.0,0,0,0,0,0,,,correct_empty
train_Subject_17_1.png,17,1.0,1.0,1.0,1.0,0,0,0,0,0,,,correct_empty
train_Subject_17_10.png,17,1.0,1.0,1.0,1.0,0,0,0,0,0,,,correct_empty
train_Subject_17_100.png,17,1.0,1.0,1.0,1.0,0,0,0,0,0,,,correct_empty
train_Subject_17_101.png,17,1.0,1.0,1.0,1.0,0,0,0,0,0,,,correct_empty
train_Subject_17_280.png,17,0.0,0.0,1.0,0.0,0,0,2,2,0,,,missed_positive;low_dice;low_iou
train_Subject_17_281.png,17,0.0,0.0,1.0,0.0,0,0,15,15,0,,,missed_positive;low_dice;low_iou
train_Subject_17_282.png,17,0.0,0.0,1.0,0.0,0,0,37,37,0,,,missed_positive;low_dice;low_iou
train_Subject_17_283.png,17,0.0,0.0,1.0,0.0,0,0,38,38,0,,,missed_positive;low_dice;low_iou
train_Subject_17_284.png,17,0.0,0.0,1.0,0.0,0,0,45,45,0,,,missed_positive;low_dice;low_iou
train_Subject_17_285.png,17,0.09302325579232017,0.048780487792980366,0.999999995,0.048780487792980366,2,0,39,41,2,4.0,2.7312411005143145,low_dice;low_iou
train_Subject_17_286.png,17,0.11764705880046136,0.062499999986979166,0.9999999966666667,0.062499999986979166,3,0,45,48,3,5.369313659514947,2.92369130358011,low_dice;low_iou
train_Subject_17_287.png,17,0.0,0.0,1.0,0.0,0,0,53,53,0,,,missed_positive;low_dice;low_iou
train_Subject_17_288.png,17,0.07843137253364091,0.040816326522282384,0.999999995,0.040816326522282384,2,0,47,49,2,5.029705854077835,3.0522426812882624,low_dice;low_iou
train_Subject_17_289.png,17,0.1403508771683595,0.0754716980989676,0.9999999975,0.0754716980989676,4,0,49,53,4,5.009901951359279,2.887825259498091,low_dice;low_iou
train_Subject_17_290.png,17,0.08163265304456477,0.04255319148030783,0.999999995,0.04255319148030783,2,0,45,47,2,4.47213595499958,2.9194309607024644,low_dice;low_iou
train_Subject_17_291.png,17,0.0,0.0,1.0,0.0,0,0,47,47,0,,,missed_positive;low_dice;low_iou
train_Subject_17_292.png,17,0.10526315787626962,0.05555555554526749,0.9999999966666667,0.05555555554526749,3,0,51,54,3,4.683281572999747,2.999844085876496,low_dice;low_iou
train_Subject_17_293.png,17,0.11320754714845141,0.059999999988,0.9999999966666667,0.059999999988,3,0,47,50,3,4.357388321059432,2.753880304215969,low_dice;low_iou
train_Subject_17_294.png,17,0.19672131144316043,0.10909090907107438,0.9999999983333333,0.10909090907107438,6,0,49,55,6,3.605551275463989,2.339790252475069,low_dice;low_iou
train_Subject_17_295.png,17,0.06349206348198538,0.03278688524052674,0.999999995,0.03278688524052674,2,0,59,61,2,6.0,3.5698052842403483,low_dice;low_iou
train_Subject_17_296.png,17,0.13157894735110803,0.07042253520134895,0.9999999980000001,0.07042253520134895,5,0,66,71,5,5.0990195135927845,3.256932998947507,low_dice;low_iou
train_Subject_17_297.png,17,0.4578313252460445,0.2968749999536133,0.9999999994736841,0.2968749999536133,19,0,45,64,19,3.0,1.7087154873384607,low_dice;low_iou
train_Subject_17_298.png,17,0.5932203389327779,0.4216867469371462,0.9999999997142857,0.4216867469371462,35,0,48,83,35,3.1217082451262845,1.460426439714274,
train_Subject_17_299.png,17,0.46715328463743405,0.30476190473287984,0.9999999996875,0.30476190473287984,32,0,73,105,32,5.057774721070173,2.3305831727786264,low_dice;low_iou
train_Subject_17_300.png,17,0.4687499999633789,0.3061224489483549,0.9999999996666666,0.3061224489483549,30,0,68,98,30,5.0,2.1262133796959266,low_dice;low_iou
train_Subject_17_301.png,17,0.31372549016532103,0.18604651160627367,0.999999999375,0.18604651160627367,16,0,70,86,16,7.042640687119285,3.012397336805944,low_dice;low_iou
train_Subject_17_302.png,17,0.29126213589405225,0.17045454543517563,0.9999999993333333,0.17045454543517563,15,0,73,88,15,7.1964930583145,3.061608085627113,low_dice;low_iou
train_Subject_17_303.png,17,0.2718446601677821,0.15730337076884232,0.9999999992857143,0.15730337076884232,14,0,75,89,14,8.0,3.1607470833754503,low_dice;low_iou
train_Subject_17_304.png,17,0.27906976740941053,0.16216216214024837,0.9999999991666666,0.16216216214024837,12,0,62,74,12,8.0,3.0584257778507755,low_dice;low_iou
train_Subject_17_305.png,17,0.1473684210371191,0.07954545453641529,0.9999999985714286,0.07954545453641529,7,0,81,88,7,8.02490309931942,3.9777852689041056,low_dice;low_iou
train_Subject_17_306.png,17,0.03333333332777778,0.016949152539500145,0.9999999900000002,0.016949152539500145,1,0,58,59,1,7.007106781186548,3.967056122591989,low_dice;low_iou
train_Subject_17_307.png,17,0.0,0.0,1.0,0.0,0,0,62,62,0,,,missed_positive;low_dice;low_iou
train_Subject_17_308.png,17,0.03571428570790816,0.018181818178512395,0.9999999900000002,0.018181818178512395,1,0,54,55,1,4.47213595499958,3.422987766181916,low_dice;low_iou
train_Subject_17_309.png,17,0.0,0.0,1.0,0.0,0,0,51,51,0,,,missed_positive;low_dice;low_iou
train_Subject_17_310.png,17,0.0,0.0,1.0,0.0,0,0,56,56,0,,,missed_positive;low_dice;low_iou
train_Subject_17_311.png,17,0.0,0.0,1.0,0.0,0,0,43,43,0,,,missed_positive;low_dice;low_iou
train_Subject_17_312.png,17,0.0,0.0,1.0,0.0,0,0,39,39,0,,,missed_positive;low_dice;low_iou
train_Subject_17_313.png,17,0.0,0.0,1.0,0.0,0,0,33,33,0,,,missed_positive;low_dice;low_iou
train_Subject_17_314.png,17,0.0,0.0,1.0,0.0,0,0,23,23,0,,,missed_positive;low_dice;low_iou
train_Subject_17_315.png,17,0.0,0.0,1.0,0.0,0,0,8,8,0,,,missed_positive;low_dice;low_iou
train_Subject_17_316.png,17,0.0,0.0,0.0,0.0,0,1,6,6,1,18.42279513346511,17.612953845147956,low_dice;low_iou
train_Subject_17_317.png,17,0.0,0.0,1.0,0.0,0,0,9,9,0,,,missed_positive;low_dice;low_iou
train_Subject_17_318.png,17,0.0,0.0,1.0,0.0,0,0,4,4,0,,,missed_positive;low_dice;low_iou
train_Subject_17_319.png,17,0.0,0.0,0.0,0.0,0,3,4,4,3,18.248710384639498,17.32283093514278,low_dice;low_iou
train_Subject_17_320.png,17,0.0,0.0,1.0,0.0,0,0,4,4,0,,,missed_positive;low_dice;low_iou
train_Subject_17_321.png,17,0.0,0.0,1.0,0.0,0,0,3,3,0,,,missed_positive;low_dice;low_iou
train_Subject_17_322.png,17,0.0,0.0,1.0,0.0,0,0,3,3,0,,,missed_positive;low_dice;low_iou
train_Subject_17_323.png,17,0.0,0.0,1.0,0.0,0,0,2,2,0,,,missed_positive;low_dice;low_iou
train_Subject_17_324.png,17,0.0,0.0,1.0,0.0,0,0,1,1,0,,,missed_positive;low_dice;low_iou
train_Subject_17_325.png,17,1.0,1.0,1.0,1.0,0,0,0,0,0,,,correct_empty
train_Subject_1_0.png,1,1.0,1.0,1.0,1.0,0,0,0,0,0,,,correct_empty
train_Subject_1_1.png,1,1.0,1.0,1.0,1.0,0,0,0,0,0,,,correct_empty
train_Subject_1_10.png,1,1.0,1.0,1.0,1.0,0,0,0,0,0,,,correct_empty
train_Subject_1_100.png,1,1.0,1.0,1.0,1.0,0,0,0,0,0,,,correct_empty
train_Subject_1_101.png,1,1.0,1.0,1.0,1.0,0,0,0,0,0,,,correct_empty
train_Subject_1_491.png,1,0.0,0.0,1.0,0.0,0,0,26,26,0,,,missed_positive;low_dice;low_iou
train_Subject_1_492.png,1,0.0,0.0,1.0,0.0,0,0,30,30,0,,,missed_positive;low_dice;low_iou
train_Subject_1_493.png,1,0.0,0.0,1.0,0.0,0,0,32,32,0,,,missed_positive;low_dice;low_iou
train_Subject_1_494.png,1,0.0,0.0,1.0,0.0,0,0,34,34,0,,,missed_positive;low_dice;low_iou
train_Subject_1_495.png,1,0.0,0.0,1.0,0.0,0,0,40,40,0,,,missed_positive;low_dice;low_iou
train_Subject_1_496.png,1,0.0,0.0,1.0,0.0,0,0,40,40,0,,,missed_positive;low_dice;low_iou
train_Subject_1_497.png,1,0.0,0.0,1.0,0.0,0,0,49,49,0,,,missed_positive;low_dice;low_iou
train_Subject_1_498.png,1,0.0,0.0,1.0,0.0,0,0,49,49,0,,,missed_positive;low_dice;low_iou
train_Subject_1_499.png,1,0.0,0.0,1.0,0.0,0,0,42,42,0,,,missed_positive;low_dice;low_iou
train_Subject_1_500.png,1,0.0,0.0,1.0,0.0,0,0,44,44,0,,,missed_positive;low_dice;low_iou
train_Subject_1_501.png,1,0.0,0.0,1.0,0.0,0,0,41,41,0,,,missed_positive;low_dice;low_iou
train_Subject_1_502.png,1,0.0,0.0,1.0,0.0,0,0,40,40,0,,,missed_positive;low_dice;low_iou
train_Subject_1_503.png,1,0.0,0.0,1.0,0.0,0,0,43,43,0,,,missed_positive;low_dice;low_iou
train_Subject_1_504.png,1,0.0,0.0,1.0,0.0,0,0,39,39,0,,,missed_positive;low_dice;low_iou
train_Subject_1_505.png,1,0.0,0.0,1.0,0.0,0,0,34,34,0,,,missed_positive;low_dice;low_iou
train_Subject_1_506.png,1,0.0,0.0,1.0,0.0,0,0,30,30,0,,,missed_positive;low_dice;low_iou
train_Subject_1_507.png,1,0.0,0.0,1.0,0.0,0,0,27,27,0,,,missed_positive;low_dice;low_iou
train_Subject_1_508.png,1,0.0,0.0,1.0,0.0,0,0,15,15,0,,,missed_positive;low_dice;low_iou
train_Subject_1_509.png,1,0.0,0.0,1.0,0.0,0,0,13,13,0,,,missed_positive;low_dice;low_iou
train_Subject_1_510.png,1,0.0,0.0,1.0,0.0,0,0,7,7,0,,,missed_positive;low_dice;low_iou
train_Subject_1_511.png,1,0.0,0.0,1.0,0.0,0,0,3,3,0,,,missed_positive;low_dice;low_iou
train_Subject_40_0.png,40,1.0,1.0,1.0,1.0,0,0,0,0,0,,,correct_empty
train_Subject_40_1.png,40,1.0,1.0,1.0,1.0,0,0,0,0,0,,,correct_empty
train_Subject_40_10.png,40,1.0,1.0,1.0,1.0,0,0,0,0,0,,,correct_empty
train_Subject_40_100.png,40,1.0,1.0,1.0,1.0,0,0,0,0,0,,,correct_empty
train_Subject_40_101.png,40,1.0,1.0,1.0,1.0,0,0,0,0,0,,,correct_empty
train_Subject_40_114.png,40,0.0,0.0,1.0,0.0,0,0,72,72,0,,,missed_positive;low_dice;low_iou
train_Subject_40_115.png,40,0.0,0.0,1.0,0.0,0,0,98,98,0,,,missed_positive;low_dice;low_iou
train_Subject_40_116.png,40,0.0,0.0,1.0,0.0,0,0,112,112,0,,,missed_positive;low_dice;low_iou
train_Subject_40_117.png,40,0.0,0.0,1.0,0.0,0,0,139,139,0,,,missed_positive;low_dice;low_iou
train_Subject_40_118.png,40,0.12820512819690993,0.06849315068024019,0.9999999989999999,0.06849315068024019,10,0,136,146,10,15.353377979808638,6.603243632541627,low_dice;low_iou
train_Subject_40_119.png,40,0.06622516555852813,0.03424657534012009,0.9999999980000001,0.03424657534012009,5,0,141,146,5,14.595543571299167,6.813029173495583,low_dice;low_iou
train_Subject_40_120.png,40,0.21818181816859503,0.12244897958350687,0.9999999994444444,0.12244897958350687,18,0,129,147,18,13.026796993628315,5.539883704104996,low_dice;low_iou
train_Subject_40_121.png,40,0.0,0.0,1.0,0.0,0,0,136,136,0,,,missed_positive;low_dice;low_iou
train_Subject_40_122.png,40,0.22085889569197184,0.12413793102592152,0.9999999994444444,0.12413793102592152,18,0,127,145,18,10.686098216831844,4.240099147597075,low_dice;low_iou
train_Subject_40_123.png,40,0.4329896906993304,0.2763157894555055,0.9999999997619048,0.2763157894555055,42,0,110,152,42,7.96145451934179,2.837079039528012,low_dice;low_iou
train_Subject_40_124.png,40,0.2814070351617383,0.16374269004890393,0.9999999996428571,0.16374269004890393,28,0,143,171,28,6.469918594876107,3.4443774387340613,low_dice;low_iou
train_Subject_40_125.png,40,0.5120772946612523,0.34415584413349637,0.9999999998113207,0.34415584413349637,53,0,101,154,53,5.0,2.4805077923479906,low_iou
train_Subject_40_126.png,40,0.6236559139449647,0.4531249999645996,0.9999999998275861,0.4531249999645996,58,0,70,128,58,3.605551275463989,1.6283301665898715,
train_Subject_40_127.png,40,0.6549707601956157,0.48695652169678644,0.9999999998214285,0.48695652169678644,56,0,59,115,56,2.23606797749979,1.4388556084626498,
train_Subject_40_128.png,40,0.4771573603818702,0.31333333331244445,0.999999999787234,0.31333333331244445,47,0,103,150,47,5.0,2.651573764335715,low_dice;low_iou
train_Subject_40_129.png,40,0.4351851851650377,0.2781065088592836,0.999999999787234,0.2781065088592836,47,0,122,169,47,6.69604989415154,3.0960381829999513,low_dice;low_iou
train_Subject_40_130.png,40,0.5970149253285809,0.4255319148483477,0.99999999975,0.4255319148483477,40,0,54,94,40,3.0,1.4545956881533355,
train_Subject_40_131.png,40,0.43999999995600003,0.28205128201512164,0.9999999995454545,0.28205128201512164,22,0,56,78,22,4.0,1.7672036749371773,low_dice;low_iou
train_Subject_40_132.png,40,0.5416666666102431,0.3714285713755102,0.9999999996153845,0.3714285713755102,26,0,44,70,26,2.991421356237309,1.3380764408153452,
train_Subject_40_133.png,40,0.6511627906219578,0.48275862060642094,0.9999999996428571,0.48275862060642094,28,0,30,58,28,3.0,0.9689321429938241,
train_Subject_40_134.png,40,0.5599999999253333,0.38888888881687245,0.9999999995238095,0.38888888881687245,21,0,33,54,21,2.591483465847627,1.2959310427776163,
train_Subject_40_135.png,40,0.4444444443738977,0.2857142856559767,0.9999999992857143,0.2857142856559767,14,0,35,49,14,3.1460498941515413,1.5776364777827339,low_dice;low_iou
train_Subject_40_136.png,40,0.25806451608740893,0.1481481481207133,0.9999999987499999,0.1481481481207133,8,0,46,54,8,4.0,2.2897395091530597,low_dice;low_iou
train_Subject_40_137.png,40,0.0,0.0,1.0,0.0,0,0,40,40,0,,,missed_positive;low_dice;low_iou
train_Subject_40_138.png,40,0.0,0.0,1.0,0.0,0,0,43,43,0,,,missed_positive;low_dice;low_iou
train_Subject_40_139.png,40,0.0,0.0,1.0,0.0,0,0,15,15,0,,,missed_positive;low_dice;low_iou
train_Subject_40_140.png,40,0.0,0.0,1.0,0.0,0,0,22,22,0,,,missed_positive;low_dice;low_iou
train_Subject_40_141.png,40,0.0,0.0,1.0,0.0,0,0,12,12,0,,,missed_positive;low_dice;low_iou
train_Subject_40_142.png,40,0.0,0.0,1.0,0.0,0,0,7,7,0,,,missed_positive;low_dice;low_iou
train_Subject_47_0.png,47,1.0,1.0,1.0,1.0,0,0,0,0,0,,,correct_empty
train_Subject_47_1.png,47,1.0,1.0,1.0,1.0,0,0,0,0,0,,,correct_empty
train_Subject_47_10.png,47,1.0,1.0,1.0,1.0,0,0,0,0,0,,,correct_empty
train_Subject_47_100.png,47,1.0,1.0,1.0,1.0,0,0,0,0,0,,,correct_empty
train_Subject_47_101.png,47,1.0,1.0,1.0,1.0,0,0,0,0,0,,,correct_empty
train_Subject_47_119.png,47,0.0,0.0,1.0,0.0,0,0,2,2,0,,,missed_positive;low_dice;low_iou
train_Subject_47_120.png,47,0.0,0.0,1.0,0.0,0,0,7,7,0,,,missed_positive;low_dice;low_iou
train_Subject_47_121.png,47,0.0,0.0,1.0,0.0,0,0,20,20,0,,,missed_positive;low_dice;low_iou
train_Subject_47_122.png,47,0.0,0.0,1.0,0.0,0,0,23,23,0,,,missed_positive;low_dice;low_iou
train_Subject_47_123.png,47,0.0,0.0,1.0,0.0,0,0,25,25,0,,,missed_positive;low_dice;low_iou
train_Subject_47_124.png,47,0.0,0.0,1.0,0.0,0,0,26,26,0,,,missed_positive;low_dice;low_iou
train_Subject_47_125.png,47,0.0,0.0,1.0,0.0,0,0,26,26,0,,,missed_positive;low_dice;low_iou
train_Subject_47_126.png,47,0.0,0.0,1.0,0.0,0,0,31,31,0,,,missed_positive;low_dice;low_iou
train_Subject_47_127.png,47,0.0,0.0,1.0,0.0,0,0,24,24,0,,,missed_positive;low_dice;low_iou
train_Subject_47_128.png,47,0.0,0.0,1.0,0.0,0,0,24,24,0,,,missed_positive;low_dice;low_iou
train_Subject_47_129.png,47,0.0,0.0,1.0,0.0,0,0,17,17,0,,,missed_positive;low_dice;low_iou
train_Subject_47_130.png,47,0.0,0.0,1.0,0.0,0,0,9,9,0,,,missed_positive;low_dice;low_iou
train_Subject_47_131.png,47,0.0,0.0,1.0,0.0,0,0,6,6,0,,,missed_positive;low_dice;low_iou
train_Subject_47_132.png,47,0.0,0.0,1.0,0.0,0,0,3,3,0,,,missed_positive;low_dice;low_iou
train_Subject_7_0.png,7,0.0,0.0,0.0,1.0,0,8,0,0,8,,,false_alarm_on_empty
train_Subject_7_1.png,7,0.0,0.0,0.0,1.0,0,27,0,0,27,,,false_alarm_on_empty
train_Subject_7_10.png,7,1.0,1.0,1.0,1.0,0,0,0,0,0,,,correct_empty
train_Subject_7_11.png,7,1.0,1.0,1.0,1.0,0,0,0,0,0,,,correct_empty
train_Subject_7_12.png,7,1.0,1.0,1.0,1.0,0,0,0,0,0,,,correct_empty
train_Subject_7_16.png,7,0.0,0.0,1.0,0.0,0,0,10,10,0,,,missed_positive;low_dice;low_iou
train_Subject_7_17.png,7,0.0,0.0,1.0,0.0,0,0,32,32,0,,,missed_positive;low_dice;low_iou
train_Subject_7_18.png,7,0.09302325579232017,0.048780487792980366,0.999999995,0.048780487792980366,2,0,39,41,2,5.32842712474619,2.810489242031476,low_dice;low_iou
train_Subject_7_19.png,7,0.0,0.0,1.0,0.0,0,0,52,52,0,,,missed_positive;low_dice;low_iou
train_Subject_7_20.png,7,0.079999999984,0.04166666665798611,0.999999995,0.04166666665798611,2,0,46,48,2,3.605551275463989,2.300489144477508,low_dice;low_iou
train_Subject_7_21.png,7,0.0,0.0,1.0,0.0,0,0,43,43,0,,,missed_positive;low_dice;low_iou
train_Subject_7_22.png,7,0.0,0.0,1.0,0.0,0,0,25,25,0,,,missed_positive;low_dice;low_iou
train_Subject_8_0.png,8,1.0,1.0,1.0,1.0,0,0,0,0,0,,,correct_empty
train_Subject_8_1.png,8,1.0,1.0,1.0,1.0,0,0,0,0,0,,,correct_empty
train_Subject_8_10.png,8,1.0,1.0,1.0,1.0,0,0,0,0,0,,,correct_empty
train_Subject_8_100.png,8,1.0,1.0,1.0,1.0,0,0,0,0,0,,,correct_empty
train_Subject_8_101.png,8,1.0,1.0,1.0,1.0,0,0,0,0,0,,,correct_empty
train_Subject_8_186.png,8,0.0,0.0,1.0,0.0,0,0,41,41,0,,,missed_positive;low_dice;low_iou
train_Subject_8_187.png,8,0.0,0.0,1.0,0.0,0,0,63,63,0,,,missed_positive;low_dice;low_iou
train_Subject_8_188.png,8,0.0,0.0,1.0,0.0,0,0,33,33,0,,,missed_positive;low_dice;low_iou
train_Subject_8_189.png,8,0.0,0.0,1.0,0.0,0,0,55,55,0,,,missed_positive;low_dice;low_iou
train_Subject_8_190.png,8,0.0,0.0,1.0,0.0,0,0,139,139,0,,,missed_positive;low_dice;low_iou
train_Subject_8_191.png,8,0.0,0.0,1.0,0.0,0,0,127,127,0,,,missed_positive;low_dice;low_iou
train_Subject_8_192.png,8,0.0,0.0,1.0,0.0,0,0,118,118,0,,,missed_positive;low_dice;low_iou
train_Subject_8_193.png,8,0.0,0.0,1.0,0.0,0,0,136,136,0,,,missed_positive;low_dice;low_iou
train_Subject_8_194.png,8,0.0,0.0,1.0,0.0,0,0,199,199,0,,,missed_positive;low_dice;low_iou
train_Subject_8_195.png,8,0.0,0.0,1.0,0.0,0,0,205,205,0,,,missed_positive;low_dice;low_iou
train_Subject_8_196.png,8,0.0,0.0,1.0,0.0,0,0,225,225,0,,,missed_positive;low_dice;low_iou
train_Subject_8_197.png,8,0.0,0.0,1.0,0.0,0,0,196,196,0,,,missed_positive;low_dice;low_iou
train_Subject_8_198.png,8,0.0,0.0,1.0,0.0,0,0,224,224,0,,,missed_positive;low_dice;low_iou
train_Subject_8_199.png,8,0.0,0.0,1.0,0.0,0,0,208,208,0,,,missed_positive;low_dice;low_iou
train_Subject_8_200.png,8,0.0,0.0,1.0,0.0,0,0,231,231,0,,,missed_positive;low_dice;low_iou
train_Subject_8_201.png,8,0.0,0.0,1.0,0.0,0,0,236,236,0,,,missed_positive;low_dice;low_iou
train_Subject_8_202.png,8,0.0,0.0,1.0,0.0,0,0,213,213,0,,,missed_positive;low_dice;low_iou
train_Subject_8_203.png,8,0.0,0.0,1.0,0.0,0,0,247,247,0,,,missed_positive;low_dice;low_iou
train_Subject_8_204.png,8,0.0,0.0,1.0,0.0,0,0,234,234,0,,,missed_positive;low_dice;low_iou
train_Subject_8_205.png,8,0.0,0.0,1.0,0.0,0,0,222,222,0,,,missed_positive;low_dice;low_iou
train_Subject_8_206.png,8,0.0,0.0,1.0,0.0,0,0,218,218,0,,,missed_positive;low_dice;low_iou
train_Subject_8_207.png,8,0.0,0.0,1.0,0.0,0,0,222,222,0,,,missed_positive;low_dice;low_iou
train_Subject_8_208.png,8,0.0,0.0,1.0,0.0,0,0,236,236,0,,,missed_positive;low_dice;low_iou
train_Subject_8_209.png,8,0.0,0.0,1.0,0.0,0,0,284,284,0,,,missed_positive;low_dice;low_iou
train_Subject_8_210.png,8,0.0,0.0,1.0,0.0,0,0,259,259,0,,,missed_positive;low_dice;low_iou
train_Subject_8_211.png,8,0.0,0.0,1.0,0.0,0,0,294,294,0,,,missed_positive;low_dice;low_iou
train_Subject_8_212.png,8,0.0,0.0,1.0,0.0,0,0,276,276,0,,,missed_positive;low_dice;low_iou
train_Subject_8_213.png,8,0.0,0.0,1.0,0.0,0,0,222,222,0,,,missed_positive;low_dice;low_iou
train_Subject_8_214.png,8,0.0,0.0,1.0,0.0,0,0,194,194,0,,,missed_positive;low_dice;low_iou
train_Subject_8_215.png,8,0.0,0.0,1.0,0.0,0,0,212,212,0,,,missed_positive;low_dice;low_iou
train_Subject_8_216.png,8,0.0,0.0,1.0,0.0,0,0,205,205,0,,,missed_positive;low_dice;low_iou
train_Subject_8_217.png,8,0.0,0.0,1.0,0.0,0,0,194,194,0,,,missed_positive;low_dice;low_iou
train_Subject_8_218.png,8,0.0,0.0,1.0,0.0,0,0,212,212,0,,,missed_positive;low_dice;low_iou
train_Subject_8_219.png,8,0.0,0.0,1.0,0.0,0,0,203,203,0,,,missed_positive;low_dice;low_iou
train_Subject_8_220.png,8,0.0,0.0,1.0,0.0,0,0,177,177,0,,,missed_positive;low_dice;low_iou
train_Subject_8_221.png,8,0.0,0.0,1.0,0.0,0,0,165,165,0,,,missed_positive;low_dice;low_iou
train_Subject_8_222.png,8,0.0,0.0,1.0,0.0,0,0,179,179,0,,,missed_positive;low_dice;low_iou
train_Subject_8_223.png,8,0.0,0.0,1.0,0.0,0,0,159,159,0,,,missed_positive;low_dice;low_iou
train_Subject_8_224.png,8,0.0,0.0,1.0,0.0,0,0,109,109,0,,,missed_positive;low_dice;low_iou
train_Subject_8_225.png,8,0.0,0.0,1.0,0.0,0,0,110,110,0,,,missed_positive;low_dice;low_iou
train_Subject_8_226.png,8,0.0,0.0,1.0,0.0,0,0,97,97,0,,,missed_positive;low_dice;low_iou
train_Subject_8_227.png,8,0.0,0.0,1.0,0.0,0,0,93,93,0,,,missed_positive;low_dice;low_iou
train_Subject_8_228.png,8,0.0,0.0,1.0,0.0,0,0,90,90,0,,,missed_positive;low_dice;low_iou
train_Subject_8_229.png,8,0.0,0.0,1.0,0.0,0,0,64,64,0,,,missed_positive;low_dice;low_iou
train_Subject_8_230.png,8,0.0,0.0,1.0,0.0,0,0,69,69,0,,,missed_positive;low_dice;low_iou
train_Subject_8_231.png,8,0.0,0.0,1.0,0.0,0,0,61,61,0,,,missed_positive;low_dice;low_iou
train_Subject_8_232.png,8,0.0,0.0,1.0,0.0,0,0,62,62,0,,,missed_positive;low_dice;low_iou
train_Subject_8_233.png,8,0.0,0.0,1.0,0.0,0,0,62,62,0,,,missed_positive;low_dice;low_iou
train_Subject_8_234.png,8,0.0,0.0,1.0,0.0,0,0,61,61,0,,,missed_positive;low_dice;low_iou
train_Subject_8_235.png,8,0.0,0.0,1.0,0.0,0,0,53,53,0,,,missed_positive;low_dice;low_iou
train_Subject_8_236.png,8,0.0,0.0,1.0,0.0,0,0,73,73,0,,,missed_positive;low_dice;low_iou
train_Subject_8_237.png,8,0.0,0.0,1.0,0.0,0,0,90,90,0,,,missed_positive;low_dice;low_iou
train_Subject_8_238.png,8,0.0,0.0,1.0,0.0,0,0,103,103,0,,,missed_positive;low_dice;low_iou
train_Subject_8_239.png,8,0.0,0.0,1.0,0.0,0,0,89,89,0,,,missed_positive;low_dice;low_iou
train_Subject_8_240.png,8,0.0,0.0,1.0,0.0,0,0,81,81,0,,,missed_positive;low_dice;low_iou
train_Subject_8_241.png,8,0.0,0.0,1.0,0.0,0,0,80,80,0,,,missed_positive;low_dice;low_iou
train_Subject_8_242.png,8,0.0,0.0,1.0,0.0,0,0,111,111,0,,,missed_positive;low_dice;low_iou
train_Subject_8_243.png,8,0.0,0.0,1.0,0.0,0,0,92,92,0,,,missed_positive;low_dice;low_iou
train_Subject_8_244.png,8,0.0,0.0,1.0,0.0,0,0,106,106,0,,,missed_positive;low_dice;low_iou
train_Subject_8_245.png,8,0.0,0.0,1.0,0.0,0,0,93,93,0,,,missed_positive;low_dice;low_iou
train_Subject_8_246.png,8,0.0,0.0,1.0,0.0,0,0,56,56,0,,,missed_positive;low_dice;low_iou
train_Subject_8_247.png,8,0.0,0.0,1.0,0.0,0,0,29,29,0,,,missed_positive;low_dice;low_iou
train_Subject_8_248.png,8,0.0,0.0,1.0,0.0,0,0,26,26,0,,,missed_positive;low_dice;low_iou
train_Subject_8_249.png,8,0.0,0.0,1.0,0.0,0,0,26,26,0,,,missed_positive;low_dice;low_iou
train_Subject_8_250.png,8,0.0,0.0,1.0,0.0,0,0,24,24,0,,,missed_positive;low_dice;low_iou
train_Subject_8_251.png,8,0.0,0.0,1.0,0.0,0,0,21,21,0,,,missed_positive;low_dice;low_iou
train_Subject_8_252.png,8,0.0,0.0,1.0,0.0,0,0,29,29,0,,,missed_positive;low_dice;low_iou
train_Subject_8_253.png,8,0.0,0.0,1.0,0.0,0,0,24,24,0,,,missed_positive;low_dice;low_iou
train_Subject_8_254.png,8,0.0,0.0,1.0,0.0,0,0,17,17,0,,,missed_positive;low_dice;low_iou
train_Subject_8_255.png,8,0.0,0.0,1.0,0.0,0,0,7,7,0,,,missed_positive;low_dice;low_iou
val_Subject_57_0.png,57,1.0,1.0,1.0,1.0,0,0,0,0,0,,,correct_empty
val_Subject_57_1.png,57,1.0,1.0,1.0,1.0,0,0,0,0,0,,,correct_empty
val_Subject_57_10.png,57,1.0,1.0,1.0,1.0,0,0,0,0,0,,,correct_empty
val_Subject_57_100.png,57,1.0,1.0,1.0,1.0,0,0,0,0,0,,,correct_empty
val_Subject_57_101.png,57,0.0,0.0,0.0,1.0,0,1,0,0,1,,,false_alarm_on_empty
val_Subject_57_201.png,57,0.0,0.0,1.0,0.0,0,0,7,7,0,,,missed_positive;low_dice;low_iou
val_Subject_57_202.png,57,0.0,0.0,1.0,0.0,0,0,5,5,0,,,missed_positive;low_dice;low_iou
val_Subject_57_203.png,57,0.0,0.0,1.0,0.0,0,0,11,11,0,,,missed_positive;low_dice;low_iou
val_Subject_57_204.png,57,0.0,0.0,1.0,0.0,0,0,14,14,0,,,missed_positive;low_dice;low_iou
val_Subject_57_205.png,57,0.0,0.0,1.0,0.0,0,0,17,17,0,,,missed_positive;low_dice;low_iou
val_Subject_57_206.png,57,0.0,0.0,1.0,0.0,0,0,17,17,0,,,missed_positive;low_dice;low_iou
val_Subject_57_207.png,57,0.0,0.0,1.0,0.0,0,0,16,16,0,,,missed_positive;low_dice;low_iou
val_Subject_57_208.png,57,0.0,0.0,1.0,0.0,0,0,20,20,0,,,missed_positive;low_dice;low_iou
val_Subject_57_209.png,57,0.0,0.0,1.0,0.0,0,0,20,20,0,,,missed_positive;low_dice;low_iou
val_Subject_57_210.png,57,0.0,0.0,1.0,0.0,0,0,15,15,0,,,missed_positive;low_dice;low_iou
val_Subject_57_211.png,57,0.0,0.0,1.0,0.0,0,0,14,14,0,,,missed_positive;low_dice;low_iou
val_Subject_57_212.png,57,0.0,0.0,1.0,0.0,0,0,10,10,0,,,missed_positive;low_dice;low_iou
val_Subject_57_213.png,57,0.0,0.0,1.0,0.0,0,0,8,8,0,,,missed_positive;low_dice;low_iou
val_Subject_57_214.png,57,0.0,0.0,1.0,0.0,0,0,10,10,0,,,missed_positive;low_dice;low_iou
val_Subject_57_215.png,57,0.0,0.0,1.0,0.0,0,0,10,10,0,,,missed_positive;low_dice;low_iou
val_Subject_57_216.png,57,0.0,0.0,1.0,0.0,0,0,8,8,0,,,missed_positive;low_dice;low_iou
val_Subject_57_217.png,57,0.0,0.0,1.0,0.0,0,0,10,10,0,,,missed_positive;low_dice;low_iou
val_Subject_57_218.png,57,0.0,0.0,1.0,0.0,0,0,4,4,0,,,missed_positive;low_dice;low_iou
